Workbook

Sheet Details
A1: Task ID | B1: Date | C1: Section | D1: Task / Description | E1: Cost | F1: Money In | G1: Money In Method | H1: Vendor / Contractor | I1: Payment Method | J1: Status | K1: Cost Type | L1: Planned Start Date | M1: Planned End Date | N1: Actual End Date | O1: Notes
A2: 1 | B2: 19/8/2025 | C2: Site preparation | D2: amakamba | E2: 1200 | G2: Cash | J2: Completed | K2: Material
A3: 2 | B3: 19/8/2025 | C3: Site preparation | D3: imisumari | E3: 3000 | G3: Cash | J3: Completed | K3: Material
A4: 3 | B4: 19/8/2025 | C4: Security | D4: umuzamu | E4: 2000 | G4: Cash | J4: Completed | K4: Manpower
A5: 4 | B5: 19/8/2025 | C5: Transport | D5: ticket | E5: 500 | G5: Cash | J5: Completed | K5: Material
A6: 5 | B6: 19/8/2025 | C6: Site preparation | D6: abayedi | E6: 8000 | G6: Cash | J6: Completed | K6: Manpower
A7: 6 | B7: 19/8/2025 | C7: Site preparation | D7: abafundi | E7: 25000 | G7: Cash | J7: Completed | K7: Manpower
A8: 7 | B8: 20/8/2025 | C8: money | D8: amafaranga | F8: 100000 | G8: Mobile Money | J8: Completed | K8: cash in
A9: 8 | B9: 20/8/2025 | C9: Site preparation | D9: amakamba | E9: 800 | G9: Cash | J9: Completed | K9: Material
A10: 9 | B10: 20/8/2025 | C10: money | D10: kubikuza | E10: 1500 | G10: Cash | J10: Completed | K10: cash out
A11: 10 | B11: 20/8/2025 | C11: Site preparation | D11: abayedi | E11: 15000 | G11: Cash | J11: Completed | K11: Manpower
A12: 11 | B12: 20/8/2025 | C12: Site preparation | D12: abafundi | E12: 20000 | G12: Cash | J12: Completed | K12: Manpower
A13: 12 | B13: 21/8/2025 | C13: Site preparation | D13: abafundi | E13: 15000 | G13: Cash | J13: Completed | K13: Manpower
A14: 13 | B14: 21/8/2025 | C14: Site preparation | D14: abayedi | E14: 30000 | G14: Cash | J14: Completed | K14: Manpower
A15: 14 | B15: 21/8/2025 | C15: money | D15: amafaranga | F15: 200000 | G15: Mobile Money | J15: Completed | K15: cash in
A16: 15 | B16: 22/8/2025 | C16: Site preparation | D16: ingorofani | E16: 9000 | G16: Cash | J16: Completed | K16: Repairing
A17: 16 | B17: 22/8/2025 | C17: Transport | D17: ticket y'ingorofani | E17: 2000 | G17: Cash | J17: Completed | K17: Material
A18: 17 | B18: 22/8/205 | C18: Site preparation | D18: umunyururu | E18: 3000 | G18: Cash | J18: Completed | K18: Material
A19: 18 | B19: 22/8/2025 | C19: Site preparation | D19: ingufuri | E19: 1500 | G19: Cash | J19: Completed | K19: Material
A20: 19 | B20: 22/8/2025 | C20: Site preparation | D20: kubikuza | E20: 2000 | G20: Cash | J20: Completed | K20: cash out
A21: 20 | B21: 22/8/2025 | C21: Site preparation | D21: abayedi | E21: 25000 | G21: Cash | J21: Completed | K21: Manpower
A22: 21 | B22: 22/8/205 | C22: Site preparation | D22: umufundi | E22: 15000 | G22: Cash | J22: Completed | K22: Manpower
A23: 22 | B23: 22/8/2025 | C23: Site preparation | D23: gupatana umucyingo | E23: 150000 | F23: 150000 | G23: Cash | J23: Completed | K23: Manpower
A24: 23 | B24: 23/8/2025 | C24: Site preparation | D24: imbaho | E24: 1000 | G24: Cash | J24: Completed | K24: Material
A25: 24 | B25: 23/8/2025 | C25: money | D25: kubikuza | E25: 1500 | G25: Cash | J25: Completed | K25: cash out
A26: 25 | B26: 23/8/2025 | C26: Site preparation | D26: abayedi | E26: 35000 | G26: Cash | J26: Completed | K26: Manpower
A27: 26 | B27: 23/8/2025 | C27: Site preparation | D27: umufundi | E27: 15000 | G27: Cash | J27: Completed | K27: Manpower
A28: 27 | B28: 24/8/2025 | C28: Site preparation | D28: abayedi | E28: 30000 | G28: Cash | J28: Completed | K28: Manpower
A29: 28 | B29: 24/8/2025 | C29: Security | D29: umuzamu | E29: 3000 | G29: Cash | J29: Completed | K29: Manpower
A30: 29 | B30: 26/8/2025 | C30: Site preparation | D30: imbaho | E30: 7600 | G30: Cash | J30: Completed | K30: Material
A31: 30 | B31: 26/8/2025 | C31: Site preparation | D31: ikayii | E31: 3000 | G31: Cash | J31: Completed | K31: Material
A32: 31 | B32: 26/8/2025 | C32: money | D32: kubikuza | E32: 1500 | G32: Cash | J32: Completed | K32: cash out
A33: 32 | B33: 26/8/2025 | C33: Site preparation | D33: abayedi | E33: 30000 | G33: Cash | J33: Completed | K33: Manpower
A34: 33 | B34: 26/2025 | C34: money | D34: amafaranga | F34: 100000 | G34: Cash | J34: Completed | K34: cash in
A35: 34 | B35: 26/8/2025 | C35: Site preparation | D35: umufundi | E35: 15000 | G35: Cash | J35: Completed | K35: Manpower
A36: 35 | B36: 28/8/2025 | C36: Site preparation | D36: amafaranga | F36: 150000 | G36: Cash | J36: Completed | K36: cash in
A37: 36 | B37: 28/8/2025 | C37: Site preparation | D37: gupatana toilet | E37: 22200 | G37: Cash | J37: Completed | K37: Manpower
A38: 37 | B38: 28/8/2025 | C38: Site preparation | D38: gupakurura | E38: 6000 | G38: Cash | J38: Completed | K38: Manpower
A39: 38 | B39: 28/8/2025 | C39: Site preparation | D39: umuzamu | E39: 3000 | G39: Cash | J39: Completed | K39: Manpower
A40: 39 | B40: 28/8/2025 | C40: Site preparation | D40: umuyedi | E40: 5000 | G40: Cash | J40: Completed | K40: Manpower
A41: 40 | B41: 28/8/2025 | C41: money | D41: kubikuza | E41: 1500 | G41: Cash | J41: Completed | K41: cash out
A42: 41 | B42: 29/8/2025 | C42: Foundation | D42: disk | E42: 3500 | G42: Cash | J42: Completed | K42: Material
A43: 42 | B43: 29/8/2025 | C43: Foundation | D43: imbaho | E43: 15000 | G43: Cash | J43: Completed | K43: Material
A44: 43 | B44: 29/8/2025 | C44: Transport | D44: ticket | E44: 3000 | G44: Cash | J44: Completed | K44: Material
A45: 44 | B45: 29/8/2025 | C45: Security | D45: ingufuri | E45: 3000 | G45: Cash | J45: Completed | K45: Material
A46: 45 | B46: 29/8/2025 | C46: Foundation | D46: abaferayeri | E46: 51000 | G46: Cash | J46: Completed | K46: Manpower
A47: 46 | B47: 29/8/2025 | C47: Foundation | D47: umufundi | E47: 15000 | G47: Cash | J47: Completed | K47: Manpower
A48: 47 | B48: 29/8/2025 | C48: Foundation | D48: abayedi | E48: 20000 | G48: Cash | J48: Completed | K48: Manpower
... A51: 50 | B51: 29/8/2025 | C51: Transport | D51: Gasore ticket | E51: 30000 | G51: Cash | J51: Completed | K51: Manpower
A52: 51 | B52: 26/10/2025 | C52: money | D52: amafaranga | F52: 800000 | G52: Bank Transfer | J52: Completed | K52: cash in
A53: 52 | B53: 26/10/2025 | C53: Site preparation | D53: shitingi | E53: 50000 | G53: Mobile Money | J53: Completed | K53: Material
A54: 53 | B54: 26/10/2025 | C54: Transport | D54: ticket | E54: 10000 | G54: Cash | J54: Completed | K54: cash out
A55: 54 | B55: 26/10/2025 | C55: Structure / Walls | D55: ibyuma | E55: 234000 | G55: Mobile Money | J55: Completed | K55: Material
A56: 55 | B56: 26/10/2025 | C56: Structure / Walls | D56: disk | E56: 8000 | G56: Cash | J56: Completed | K56: Material
A57: 56 | B57: 26/10/2025 | C57: Transport | D57: ticket | E57: 4000 | G57: Cash | J57: Completed | K57: cash out
A58: 57 | B58: 26/10/205 | C58: money | D58: gasore money | E58: 68000 | G58: Cash | J58: Completed | K58: Manpower
A59: 58 | B59: 26/10/2025 | C59: Security | D59: umuzamu | E59: 50000 | G59: Mobile Money | J59: Completed | K59: Manpower
A60: 59 | B60: 26/10/2025 | C60: Transport | D60: supervisor | E60: 15000 | G60: Cash | J60: Completed | K60: Manpower
A61: 60 | B61: 26/10/2025 | C61: Foundation | D61: imbaho | E61: 30000 | G61: Cash | J61: Completed | K61: Material
A62: 61 | B62: 26/10/2025 | C62: Transport | D62: ticket | E62: 2000 | G62: Cash | J62: Completed | K62: Material
A63: 62 | B63: 28/10/2025 | C63: Structure / Walls | D63: fille | E63: 45000 | G63: Cash | J63: Completed | K63: Material
A64: 63 | B64: 28/10/2025 | C64: Structure / Walls | D64: abaferayeri | E64: 122000 | G64: Cash | J64: Completed | K64: Manpower
... A73: 72 | B73: 28/10/2025 | C73: Foundation | D73: supervisor | E73: 10000 | G73: Cash | J73: Completed | K73: Manpower
A74: 73 | B74: 45973 | C74: money | D74: amafaranga | F74: 600000 | G74: Cash | J74: Completed | K74: cash in
A75: 74 | B75: 45973 | C75: Foundation | D75: abasharpantier | E75: 63000 | G75: Cash | J75: Completed | K75: Manpower
A76: 75 | B76: 45973 | C76: Foundation | D76: abaferayeri | E76: 35000 | G76: Cash | J76: Completed | K76: Manpower
A77: 76 | B77: 46003 | C77: Foundation | D77: imbaho | E77: 100000 | G77: Cash | J77: Completed | K77: Material
A78: 77 | B78: 46003 | C78: Foundation | D78: ticket imbaho | E78: 8000 | G78: Cash | J78: Completed | K78: Material
A79: 78 | B79: 46003 | C79: Foundation | D79: filla pra | E79: 5000 | G79: Cash | J79: Completed | K79: Material
A80: 79 | B80: 46003 | C80: Foundation | D80: gupakurura cement | E80: 10000 | G80: Cash | J80: Completed | K80: Manpower
A81: 80 | B81: 46003 | C81: Foundation | D81: abasharpantier | E81: 60000 | G81: Cash | J81: Completed | K81: Manpower
A82: 81 | B82: 46003 | C82: Foundation | D82: umuyedi | E82: 5000 | G82: Cash | J82: Completed | K82: Manpower
A83: 82 | B83: 13/12/2025 | C83: Foundation | D83: imbaho | E83: 30000 | G83: Cash | J83: Completed | K83: Material
A84: 83 | B84: 13/12/2025 | C84: Foundation | D84: abasharpantier | E84: 60000 | G84: Cash | J84: Completed | K84: Manpower
A85: 84 | B85: 13/12/2025 | C85: Foundation | D85: gukodesha vibrator | E85: 15000 | G85: Cash | J85: Completed | K85: Material
A86: 85 | B86: 16/12/2025 | C86: Foundation | D86: abayedi | E86: 20000 | G86: Cash | J86: Completed | K86: Manpower
A87: 86 | B87: 16/12/2025 | C87: Foundation | D87: abafundi | E87: 20000 | G87: Cash | J87: Completed | K87: Manpower
A88: 87 | B88: 16/12/2025 | C88: Foundation | D88: supervisor | E88: 10000 | G88: Cash | J88: Completed | K88: Manpower
A89: 88 | B89: 16/12/2025 | C89: Foundation | D89: vidange | E89: 10000 | G89: Cash | J89: Completed | K89: Material
A90: 89 | B90: 17/12/2025 | C90: Foundation | D90: abafundi | E90: 90000 | G90: Cash | J90: Completed | K90: Manpower
A91: 90 | B91: 17/12/2025 | C91: Foundation | D91: abayedi | E91: 55000 | G91: Cash | J91: Completed | K91: Manpower
A92: 91 | B92: 17/12/2025 | C92: Foundation | D92: gukodesha sottezze | E92: 50000 | G92: Cash | J92: Completed | K92: Manpower
A93: 92 | B93: 17/12/2025 | C93: Foundation | D93: petroleum | E93: 4000 | G93: Cash | J93: Completed | K93: Material
A94: 93 | B94: 17/12/2025 | C94: Foundation | D94: gukoresha imachine | E94: 35000 | G94: Cash | J94: Completed | K94: Manpower
... A112: 111 | B112: 19/12/25 | C112: Structure / Walls | D112: supervisor | E112: 10000 | G112: Cash | J112: Completed | K112: Manpower
A113: 112 | B113: 22/12/2025 | C113: money | D113: amafaranga | F113: 1700000 | G113: Mobile Money | J113: Completed | K113: cash in
A114: 113 | B114: 22/12/2025 | C114: Structure / Walls | D114: abasharpantier | E114: 36000 | G114: Cash | J114: Completed | K114: Manpower
A115: 114 | B115: 22/12/2025 | C115: Structure / Walls | D115: umuyedi | E115: 5000 | G115: Cash | J115: Completed | K115: Manpower
A116: 115 | B116: 22/12/2025 | C116: Structure / Walls | D116: supervisor | E116: 10000 | G116: Cash | J116: Completed | K116: Manpower
A117: 116 | B117: 23/12/2025 | C117: Structure / Walls | D117: abasharpantier | E117: 22000 | G117: Cash | J117: Completed | K117: Manpower
A118: 117 | B118: 23/12/2025 | C118: Structure / Walls | D118: abaferayeri | E118: 39000 | G118: Cash | J118: Completed | K118: Manpower
A119: 118 | B119: 23/12/2025 | C119: Structure / Walls | D119: amakamba | E119: 2500 | G119: Cash | J119: Completed | K119: Material
A120: 119 | B120: 23/12/2025 | C120: Structure / Walls | D120: imbaho | E120: 161100 | G120: Cash | J120: Completed | K120: Material
A121: 120 | B121: 23/12/2025 | C121: Transport | D121: ticket imbaho | E121: 8000 | G121: Cash | J121: Completed | K121: cash out
A122: 121 | B122: 23/12/2025 | C122: Structure / Walls | D122: ishashi | E122: 28000 | G122: Cash | J122: Completed | K122: Material
A123: 122 | B123: 23/12/2025 | C123: Structure / Walls | D123: supervisor | E123: 10000 | G123: Cash | J123: Completed | K123: Manpower
A124: 123 | B124: 24/12/2025 | C124: Structure / Walls | D124: abaferayeri | E124: 39000 | G124: Cash | J124: Completed | K124: Manpower
A125: 124 | B125: 24/12/2025 | C125: Structure / Walls | D125: abasharpantier | E125: 72000 | G125: Cash | J125: Completed | K125: Manpower
... A154: 153 | B154: 31/12/2025 | C154: Structure / Walls | D154: supervisor | E154: 10000 | G154: Cash | J154: Completed | K154: Manpower
A155: 154 | B155: 46023 | C155: Structure / Walls | D155: abasharpantier | E155: 72000 | G155: Cash | J155: Completed | K155: Manpower
...

Sheet Overview
A1: Section | B1: Cost | C1: Status | E1: Cost Type | F1: Cost | H1: Date | I1: Money In | J1: Cost | K1: 0
A2: =IF(Settings!A3="","",Settings!A3) -> Land & Permits | B2: =IF($A2="","",SUMIF(Details!$C:$C,$A2,Details!$E:$E)) -> 0 | C2: =IF($A2="","",IF(B2=0,"Not Started",IF(B2<#REF!,"In Progress","Completed"))) -> Not Started | E2: =IF(Settings!D2="","",Settings!D2) -> Material | F2: =IF($E2="","",SUMIF(Details!$K:$K,$E2,Details!$E:$E)) -> 2627200 | I2: =IF(H2="","",Details!$F2) | K2: =IF(H2="","",I2-J2)
A3: =IF(Settings!A4="","",Settings!A4) -> Foundation | B3: =IF($A3="","",SUMIF(Details!$C:$C,$A3,Details!$E:$E)) -> 1026500 | C3: =IF($A3="","",IF(B3=0,"Not Started",IF(B3<#REF!,"In Progress","Completed"))) -> #REF! | E3: =IF(Settings!D3="","",Settings!D3) -> Manpower | J3: =IF(H3="","",Details!$E3) | K3: =IF(H3="","",K2+I3-J3)
A4: =IF(Settings!A5="","",Settings!A5) -> Structure / Walls | B4: =IF($A4="","",SUMIF(Details!$C:$C,$A4,Details!$E:$E)) -> 4928600 | C4: =IF($A4="","",IF(B4=0,"Not Started",IF(B4<#REF!,"In Progress","Completed"))) -> #REF! | E4: =IF(Settings!D4="","",Settings!D4) -> Other | F4: =IF($E4="","",SUMIF(Details!$K:$K,$E4,Details!$E:$E)) -> 0 | H4: =IF(Details!$B4="","",Details!$B4) -> 19/8/2025 | I4: =IF(H4="","",Details!$F4) | J4: =IF(H4="","",Details!$E4) -> 2000 | K4: =IF(H4="","",K3+I4-J4) -> -2000
A5: =IF(Settings!A6="","",Settings!A6) -> Roofing | B5: =IF($A5="","",SUMIF(Details!$C:$C,$A5,Details!$E:$E)) -> 0 | C5: =IF($A5="","",IF(B5=0,"Not Started",IF(B5<#REF!,"In Progress","Completed"))) -> Not Started | E5: cash in | F5: =IF($E5="","",SUMIF(Details!$K:$K,$E5,Details!$E:$E)) -> 0 | H5: =IF(Details!$B5="","",Details!$B5) -> 19/8/2025 | I5: =IF(H5="","",Details!$F5) | J5: =IF(H5="","",Details!$E5) -> 500 | K5: =IF(H5="","",K4+I5-J5) -> -2500
A6: =IF(Settings!A7="","",Settings!A7) -> Doors & Windows | B6: =IF($A6="","",SUMIF(Details!$C:$C,$A6,Details!$E:$E)) -> 0 | C6: =IF($A6="","",IF(B6=0,"Not Started",IF(B6<#REF!,"In Progress","Completed"))) -> Not Started | E6: cash out | F6: =IF($E6="","",SUMIF(Details!$K:$K,$E6,Details!$E:$E)) -> 124500 | H6: =IF(Details!$B6="","",Details!$B6) -> 19/8/2025 | I6: =IF(H6="","",Details!$F6) | J6: =IF(H6="","",Details!$E6) -> 8000 | K6: =IF(H6="","",K5+I6-J6) -> -10500
A7: =IF(Settings!A8="","",Settings!A8) -> Electrical | B7: =IF($A7="","",SUMIF(Details!$C:$C,$A7,Details!$E:$E)) -> 2000 | C7: =IF($A7="","",IF(B7=0,"Not Started",IF(B7<#REF!,"In Progress","Completed"))) -> #REF! | E7: =IF(Settings!D7="","",Settings!D7) -> Repairing | F7: =IF($E7="","",SUMIF(Details!$K:$K,$E7,Details!$E:$E)) -> 26000 | H7: =IF(Details!$B7="","",Details!$B7) -> 19/8/2025 | I7: =IF(H7="","",Details!$F7) | J7: =IF(H7="","",Details!$E7) -> 25000 | K7: =IF(H7="","",K6+I7-J7) -> -35500
A8: =IF(Settings!A9="","",Settings!A9) -> Plumbing | B8: =IF($A8="","",SUMIF(Details!$C:$C,$A8,Details!$E:$E)) -> 0 | C8: =IF($A8="","",IF(B8=0,"Not Started",IF(B8<#REF!,"In Progress","Completed"))) -> Not Started | H8: =IF(Details!$B8="","",Details!$B8) -> 20/8/2025 | I8: =IF(H8="","",Details!$F8) -> 100000 | J8: =IF(H8="","",Details!$E8) | K8: =IF(H8="","",K7+I8-J8) -> 64500
A9: =IF(Settings!A10="","",Settings!A10) -> Finishes (Interior) | B9: =IF($A9="","",SUMIF(Details!$C:$C,$A9,Details!$E:$E)) -> 0 | C9: =IF($A9="","",IF(B9=0,"Not Started",IF(B9<#REF!,"In Progress","Completed"))) -> Not Started | H9: =IF(Details!$B9="","",Details!$B9) -> 20/8/2025 | I9: =IF(H9="","",Details!$F9) | J9: =IF(H9="","",Details!$E9) -> 800 | K9: =IF(H9="","",K8+I9-J9) -> 63700
A10: =IF(Settings!A11="","",Settings!A11) -> Finishes (Exterior) | B10: =IF($A10="","",SUMIF(Details!$C:$C,$A10,Details!$E:$E)) -> 0 | C10: =IF($A10="","",IF(B10=0,"Not Started",IF(B10<#REF!,"In Progress","Completed"))) -> Not Started | H10: =IF(Details!$B10="","",Details!$B10) -> 20/8/2025 | I10: =IF(H10="","",Details!$F10) | J10: =IF(H10="","",Details!$E10) -> 1500 | K10: =IF(H10="","",K9+I10-J10) -> 62200
A11: =IF(Settings!A12="","",Settings!A12) -> Landscaping | B11: =IF($A11="","",SUMIF(Details!$C:$C,$A11,Details!$E:$E)) -> 0 | C11: =IF($A11="","",IF(B11=0,"Not Started",IF(B11<#REF!,"In Progress","Completed"))) -> Not Started | H11: =IF(Details!$B11="","",Details!$B11) -> 20/8/2025 | I11: =IF(H11="","",Details!$F11) | J11: =IF(H11="","",Details!$E11) -> 15000 | K11: =IF(H11="","",K10+I11-J11) -> 47200
A12: =IF(Settings!A13="","",Settings!A13) -> Contingency | B12: =IF($A12="","",SUMIF(Details!$C:$C,$A12,Details!$E:$E)) -> 0 | C12: =IF($A12="","",IF(B12=0,"Not Started",IF(B12<#REF!,"In Progress","Completed"))) -> Not Started | H12: =IF(Details!$B12="","",Details!$B12) -> 20/8/2025 | I12: =IF(H12="","",Details!$F12) | J12: =IF(H12="","",Details!$E12) -> 20000 | K12: =IF(H12="","",K11+I12-J12) -> 27200
A13: =IF(Settings!A14="","",Settings!A14) -> Security | B13: =IF($A13="","",SUMIF(Details!$C:$C,$A13,Details!$E:$E)) -> 135500 | C13: =IF($A13="","",IF(B13=0,"Not Started",IF(B13<#REF!,"In Progress","Completed"))) -> #REF! | H13: =IF(Details!$B13="","",Details!$B13) -> 21/8/2025 | I13: =IF(H13="","",Details!$F13) | J13: =IF(H13="","",Details!$E13) -> 15000 | K13: =IF(H13="","",K12+I13-J13) -> 12200
A14: money | B14: =IF($A14="","",SUMIF(Details!$C:$C,$A14,Details!$E:$E)) -> 77000 | C14: =IF($A14="","",IF(B14=0,"Not Started",IF(B14<#REF!,"In Progress","Completed"))) -> #REF! | H14: =IF(Details!$B15="","",Details!$B15) -> 21/8/2025 | I14: =IF(H14="","",Details!$F15) -> 200000 | J14: =IF(H14="","",Details!$E15) | K14: =IF(H14="","",#REF!+I14-J14) -> #REF!
A15: Transport | B15: =IF($A15="","",SUMIF(Details!$C:$C,$A15,Details!$E:$E)) -> 330500 | C15: =IF($A15="","",IF(B15=0,"Not Started",IF(B15<#REF!,"In Progress","Completed"))) -> #REF! | H15: =IF(Details!$B16="","",Details!$B16) -> 22/8/2025 | I15: =IF(H15="","",Details!$F16) | J15: =IF(H15="","",Details!$E16) -> 9000 | K15: =IF(H15="","",K14+I15-J15) -> #REF!
A16: withdrwal | B16: =IF($A16="","",SUMIF(Details!$C:$C,$A16,Details!$E:$E)) -> 0 | C16: =IF($A16="","",IF(B16=0,"Not Started",IF(B16<#REF!,"In Progress","Completed"))) -> Not Started | H16: =IF(Details!$B17="","",Details!$B17) -> 22/8/2025 | I16: =IF(H16="","",Details!$F17) | J16: =IF(H16="","",Details!$E17) -> 2000 | K16: =IF(H16="","",K15+I16-J16) -> #REF!
A17: =IF(Settings!A18="","",Settings!A18) | B17: =IF($A17="","",SUMIF(Details!$C:$C,$A17,Details!$E:$E)) | C17: =IF($A17="","",IF(B17=0,"Not Started",IF(B17<#REF!,"In Progress","Completed"))) | H17: =IF(Details!$B18="","",Details!$B18) -> 22/8/205 | I17: =IF(H17="","",Details!$F18) | J17: =IF(H17="","",Details!$E18) -> 3000 | K17: =IF(H17="","",K16+I17-J17) -> #REF!
A18: =IF(Settings!A19="","",Settings!A19) | B18: =IF($A18="","",SUMIF(Details!$C:$C,$A18,Details!$E:$E)) | C18: =IF($A18="","",IF(B18=0,"Not Started",IF(B18<#REF!,"In Progress","Completed"))) | H18: =IF(Details!$B19="","",Details!$B19) -> 22/8/2025 | I18: =IF(H18="","",Details!$F19) | J18: =IF(H18="","",Details!$E19) -> 1500 | K18: =IF(H18="","",K17+I18-J18) -> #REF!
A19: =IF(Settings!A20="","",Settings!A20) | B19: =IF($A19="","",SUMIF(Details!$C:$C,$A19,Details!$E:$E)) | C19: =IF($A19="","",IF(B19=0,"Not Started",IF(B19<#REF!,"In Progress","Completed"))) | H19: =IF(Details!$B20="","",Details!$B20) -> 22/8/2025 | I19: =IF(H19="","",Details!$F20) | J19: =IF(H19="","",Details!$E20) -> 2000 | K19: =IF(H19="","",K18+I19-J19) -> #REF!
A20: =IF(Settings!A21="","",Settings!A21) | B20: =IF($A20="","",SUMIF(Details!$C:$C,$A20,Details!$E:$E)) | C20: =IF($A20="","",IF(B20=0,"Not Started",IF(B20<#REF!,"In Progress","Completed"))) | H20: =IF(Details!$B21="","",Details!$B21) -> 22/8/2025 | I20: =IF(H20="","",Details!$F21) | J20: =IF(H20="","",Details!$E21) -> 25000 | K20: =IF(H20="","",K19+I20-J20) -> #REF!
A21: =IF(Settings!A22="","",Settings!A22) | B21: =IF($A21="","",SUMIF(Details!$C:$C,$A21,Details!$E:$E)) | C21: =IF($A21="","",IF(B21=0,"Not Started",IF(B21<#REF!,"In Progress","Completed"))) | H21: =IF(Details!$B22="","",Details!$B22) -> 22/8/205 | I21: =IF(H21="","",Details!$F22) | J21: =IF(H21="","",Details!$E22) -> 15000 | K21: =IF(H21="","",K20+I21-J21) -> #REF!
A22: =IF(Settings!A23="","",Settings!A23) | B22: =IF($A22="","",SUMIF(Details!$C:$C,$A22,Details!$E:$E)) | C22: =IF($A22="","",IF(B22=0,"Not Started",IF(B22<#REF!,"In Progress","Completed"))) | H22: =IF(Details!$B23="","",Details!$B23) -> 22/8/2025 | I22: =IF(H22="","",Details!$F23) -> 150000 | J22: =IF(H22="","",Details!$E23) -> 150000 | K22: =IF(H22="","",K21+I22-J22) -> #REF!
A23: =IF(Settings!A24="","",Settings!A24) | B23: =IF($A23="","",SUMIF(Details!$C:$C,$A23,Details!$E:$E)) | C23: =IF($A23="","",IF(B23=0,"Not Started",IF(B23<#REF!,"In Progress","Completed"))) | H23: =IF(Details!$B24="","",Details!$B24) -> 23/8/2025 | I23: =IF(H23="","",Details!$F24) | J23: =IF(H23="","",Details!$E24) -> 1000 | K23: =IF(H23="","",K22+I23-J23) -> #REF!
A24: =IF(Settings!A25="","",Settings!A25) | B24: =IF($A24="","",SUMIF(Details!$C:$C,$A24,Details!$E:$E)) | C24: =IF($A24="","",IF(B24=0,"Not Started",IF(B24<#REF!,"In Progress","Completed"))) | H24: =IF(Details!$B25="","",Details!$B25) -> 23/8/2025 | I24: =IF(H24="","",Details!$F25) | J24: =IF(H24="","",Details!$E25) -> 1500 | K24: =IF(H24="","",K23+I24-J24) -> #REF!
A25: =IF(Settings!A26="","",Settings!A26) | B25: =IF($A25="","",SUMIF(Details!$C:$C,$A25,Details!$E:$E)) | C25: =IF($A25="","",IF(B25=0,"Not Started",IF(B25<#REF!,"In Progress","Completed"))) | H25: =IF(Details!$B26="","",Details!$B26) -> 23/8/2025 | I25: =IF(H25="","",Details!$F26) | J25: =IF(H25="","",Details!$E26) -> 35000 | K25: =IF(H25="","",K24+I25-J25) -> #REF!
A26: =IF(Settings!A27="","",Settings!A27) | B26: =IF($A26="","",SUMIF(Details!$C:$C,$A26,Details!$E:$E)) | C26: =IF($A26="","",IF(B26=0,"Not Started",IF(B26<#REF!,"In Progress","Completed"))) | H26: =IF(Details!$B27="","",Details!$B27) -> 23/8/2025 | I26: =IF(H26="","",Details!$F27) | J26: =IF(H26="","",Details!$E27) -> 15000 | K26: =IF(H26="","",K25+I26-J26) -> #REF!
A27: =IF(Settings!A28="","",Settings!A28) | B27: =IF($A27="","",SUMIF(Details!$C:$C,$A27,Details!$E:$E)) | C27: =IF($A27="","",IF(B27=0,"Not Started",IF(B27<#REF!,"In Progress","Completed"))) | H27: =IF(Details!$B28="","",Details!$B28) -> 24/8/2025 | I27: =IF(H27="","",Details!$F28) | J27: =IF(H27="","",Details!$E28) -> 30000 | K27: =IF(H27="","",K26+I27-J27) -> #REF!
A28: =IF(Settings!A29="","",Settings!A29) | B28: =IF($A28="","",SUMIF(Details!$C:$C,$A28,Details!$E:$E)) | C28: =IF($A28="","",IF(B28=0,"Not Started",IF(B28<#REF!,"In Progress","Completed"))) | H28: =IF(Details!$B29="","",Details!$B29) -> 24/8/2025 | I28: =IF(H28="","",Details!$F29) | J28: =IF(H28="","",Details!$E29) -> 3000 | K28: =IF(H28="","",K27+I28-J28) -> #REF!
... A32: =IF(Settings!A33="","",Settings!A33) | B32: =IF($A32="","",SUMIF(Details!$C:$C,$A32,Details!$E:$E)) | C32: =IF($A32="","",IF(B32=0,"Not Started",IF(B32<#REF!,"In Progress","Completed"))) | H32: =IF(Details!$B33="","",Details!$B33) -> 26/8/2025 | I32: =IF(H32="","",Details!$F33) | J32: =IF(H32="","",Details!$E33) -> 30000 | K32: =IF(H32="","",K31+I32-J32) -> #REF!
A33: =IF(Settings!A34="","",Settings!A34) | B33: =IF($A33="","",SUMIF(Details!$C:$C,$A33,Details!$E:$E)) | C33: =IF($A33="","",IF(B33=0,"Not Started",IF(B33<#REF!,"In Progress","Completed"))) | H33: =IF(Details!$B35="","",Details!$B35) -> 26/8/2025 | I33: =IF(H33="","",Details!$F35) | J33: =IF(H33="","",Details!$E35) -> 15000 | K33: =IF(H33="","",K32+I33-J33) -> #REF!
A34: =IF(Settings!A35="","",Settings!A35) | B34: =IF($A34="","",SUMIF(Details!$C:$C,$A34,Details!$E:$E)) | C34: =IF($A34="","",IF(B34=0,"Not Started",IF(B34<#REF!,"In Progress","Completed"))) | H34: =IF(Details!$B37="","",Details!$B37) -> 28/8/2025 | I34: =IF(H34="","",Details!$F37) | J34: =IF(H34="","",Details!$E37) -> 22200 | K34: =IF(H34="","",K33+I34-J34) -> #REF!
A35: =IF(Settings!A36="","",Settings!A36) | B35: =IF($A35="","",SUMIF(Details!$C:$C,$A35,Details!$E:$E)) | C35: =IF($A35="","",IF(B35=0,"Not Started",IF(B35<#REF!,"In Progress","Completed"))) | H35: =IF(Details!$B38="","",Details!$B38) -> 28/8/2025 | I35: =IF(H35="","",Details!$F38) | J35: =IF(H35="","",Details!$E38) -> 6000 | K35: =IF(H35="","",K34+I35-J35) -> #REF!
A36: =IF(Settings!A37="","",Settings!A37) | B36: =IF($A36="","",SUMIF(Details!$C:$C,$A36,Details!$E:$E)) | C36: =IF($A36="","",IF(B36=0,"Not Started",IF(B36<#REF!,"In Progress","Completed"))) | H36: =IF(Details!$B39="","",Details!$B39) -> 28/8/2025 | I36: =IF(H36="","",Details!$F39) | J36: =IF(H36="","",Details!$E39) -> 3000 | K36: =IF(H36="","",K35+I36-J36) -> #REF!
A37: =IF(Settings!A38="","",Settings!A38) | B37: =IF($A37="","",SUMIF(Details!$C:$C,$A37,Details!$E:$E)) | C37: =IF($A37="","",IF(B37=0,"Not Started",IF(B37<#REF!,"In Progress","Completed"))) | H37: =IF(Details!$B40="","",Details!$B40) -> 28/8/2025 | I37: =IF(H37="","",Details!$F40) | J37: =IF(H37="","",Details!$E40) -> 5000 | K37: =IF(H37="","",K36+I37-J37) -> #REF!
A38: =IF(Settings!A39="","",Settings!A39) | B38: =IF($A38="","",SUMIF(Details!$C:$C,$A38,Details!$E:$E)) | C38: =IF($A38="","",IF(B38=0,"Not Started",IF(B38<#REF!,"In Progress","Completed"))) | H38: =IF(Details!$B41="","",Details!$B41) -> 28/8/2025 | I38: =IF(H38="","",Details!$F41) | J38: =IF(H38="","",Details!$E41) -> 1500 | K38: =IF(H38="","",K37+I38-J38) -> #REF!
A39: =IF(Settings!A40="","",Settings!A40) | B39: =IF($A39="","",SUMIF(Details!$C:$C,$A39,Details!$E:$E)) | C39: =IF($A39="","",IF(B39=0,"Not Started",IF(B39<#REF!,"In Progress","Completed"))) | H39: =IF(Details!$B42="","",Details!$B42) -> 29/8/2025 | I39: =IF(H39="","",Details!$F42) | J39: =IF(H39="","",Details!$E42) -> 3500 | K39: =IF(H39="","",K38+I39-J39) -> #REF!
A40: =IF(Settings!A41="","",Settings!A41) | B40: =IF($A40="","",SUMIF(Details!$C:$C,$A40,Details!$E:$E)) | C40: =IF($A40="","",IF(B40=0,"Not Started",IF(B40<#REF!,"In Progress","Completed"))) | H40: =IF(Details!$B43="","",Details!$B43) -> 29/8/2025 | I40: =IF(H40="","",Details!$F43) | J40: =IF(H40="","",Details!$E43) -> 15000 | K40: =IF(H40="","",K39+I40-J40) -> #REF!
A41: =IF(Settings!A42="","",Settings!A42) | B41: =IF($A41="","",SUMIF(Details!$C:$C,$A41,Details!$E:$E)) | C41: =IF($A41="","",IF(B41=0,"Not Started",IF(B41<#REF!,"In Progress","Completed"))) | H41: =IF(Details!$B44="","",Details!$B44) -> 29/8/2025 | I41: =IF(H41="","",Details!$F44) | J41: =IF(H41="","",Details!$E44) -> 3000 | K41: =IF(H41="","",K40+I41-J41) -> #REF!
A42: =IF(Settings!A43="","",Settings!A43) | B42: =IF($A42="","",SUMIF(Details!$C:$C,$A42,Details!$E:$E)) | C42: =IF($A42="","",IF(B42=0,"Not Started",IF(B42<#REF!,"In Progress","Completed"))) | H42: =IF(Details!$B45="","",Details!$B45) -> 29/8/2025 | I42: =IF(H42="","",Details!$F45) | J42: =IF(H42="","",Details!$E45) -> 3000 | K42: =IF(H42="","",K41+I42-J42) -> #REF!
A43: =IF(Settings!A44="","",Settings!A44) | B43: =IF($A43="","",SUMIF(Details!$C:$C,$A43,Details!$E:$E)) | C43: =IF($A43="","",IF(B43=0,"Not Started",IF(B43<#REF!,"In Progress","Completed"))) | H43: =IF(Details!$B46="","",Details!$B46) -> 29/8/2025 | I43: =IF(H43="","",Details!$F46) | J43: =IF(H43="","",Details!$E46) -> 51000 | K43: =IF(H43="","",K42+I43-J43) -> #REF!
A44: =IF(Settings!A45="","",Settings!A45) | B44: =IF($A44="","",SUMIF(Details!$C:$C,$A44,Details!$E:$E)) | C44: =IF($A44="","",IF(B44=0,"Not Started",IF(B44<#REF!,"In Progress","Completed"))) | H44: =IF(Details!$B47="","",Details!$B47) -> 29/8/2025 | I44: =IF(H44="","",Details!$F47) | J44: =IF(H44="","",Details!$E47) -> 15000 | K44: =IF(H44="","",K43+I44-J44) -> #REF!
A45: =IF(Settings!A46="","",Settings!A46) | B45: =IF($A45="","",SUMIF(Details!$C:$C,$A45,Details!$E:$E)) | C45: =IF($A45="","",IF(B45=0,"Not Started",IF(B45<#REF!,"In Progress","Completed"))) | H45: =IF(Details!$B48="","",Details!$B48) -> 29/8/2025 | I45: =IF(H45="","",Details!$F48) | J45: =IF(H45="","",Details!$E48) -> 20000 | K45: =IF(H45="","",K44+I45-J45) -> #REF!
... A70: =IF(Settings!A71="","",Settings!A71) | B70: =IF($A70="","",SUMIF(Details!$C:$C,$A70,Details!$E:$E)) | C70: =IF($A70="","",IF(B70=0,"Not Started",IF(B70<#REF!,"In Progress","Completed"))) | H70: =IF(Details!$B73="","",Details!$B73) -> 28/10/2025 | I70: =IF(H70="","",Details!$F73) | J70: =IF(H70="","",Details!$E73) -> 10000 | K70: =IF(H70="","",K69+I70-J70) -> #REF!
A71: =IF(Settings!A72="","",Settings!A72) | B71: =IF($A71="","",SUMIF(Details!$C:$C,$A71,Details!$E:$E)) | C71: =IF($A71="","",IF(B71=0,"Not Started",IF(B71<#REF!,"In Progress","Completed"))) | H71: =IF(Details!$B75="","",Details!$B75) -> 45973 | I71: =IF(H71="","",Details!$F75) | J71: =IF(H71="","",Details!$E75) -> 63000 | K71: =IF(H71="","",K70+I71-J71) -> #REF!
A72: =IF(Settings!A73="","",Settings!A73) | B72: =IF($A72="","",SUMIF(Details!$C:$C,$A72,Details!$E:$E)) | C72: =IF($A72="","",IF(B72=0,"Not Started",IF(B72<#REF!,"In Progress","Completed"))) | H72: =IF(Details!$B76="","",Details!$B76) -> 45973 | I72: =IF(H72="","",Details!$F76) | J72: =IF(H72="","",Details!$E76) -> 35000 | K72: =IF(H72="","",K71+I72-J72) -> #REF!
A73: =IF(Settings!A74="","",Settings!A74) | B73: =IF($A73="","",SUMIF(Details!$C:$C,$A73,Details!$E:$E)) | C73: =IF($A73="","",IF(B73=0,"Not Started",IF(B73<#REF!,"In Progress","Completed"))) | H73: =IF(Details!$B77="","",Details!$B77) -> 46003 | I73: =IF(H73="","",Details!$F77) | J73: =IF(H73="","",Details!$E77) -> 100000 | K73: =IF(H73="","",K72+I73-J73) -> #REF!
A74: =IF(Settings!A75="","",Settings!A75) | B74: =IF($A74="","",SUMIF(Details!$C:$C,$A74,Details!$E:$E)) | C74: =IF($A74="","",IF(B74=0,"Not Started",IF(B74<#REF!,"In Progress","Completed"))) | H74: =IF(Details!$B78="","",Details!$B78) -> 46003 | I74: =IF(H74="","",Details!$F78) | J74: =IF(H74="","",Details!$E78) -> 8000 | K74: =IF(H74="","",K73+I74-J74) -> #REF!
A75: =IF(Settings!A76="","",Settings!A76) | B75: =IF($A75="","",SUMIF(Details!$C:$C,$A75,Details!$E:$E)) | C75: =IF($A75="","",IF(B75=0,"Not Started",IF(B75<#REF!,"In Progress","Completed"))) | H75: =IF(Details!$B79="","",Details!$B79) -> 46003 | I75: =IF(H75="","",Details!$F79) | J75: =IF(H75="","",Details!$E79) -> 5000 | K75: =IF(H75="","",K74+I75-J75) -> #REF!
A76: =IF(Settings!A77="","",Settings!A77) | B76: =IF($A76="","",SUMIF(Details!$C:$C,$A76,Details!$E:$E)) | C76: =IF($A76="","",IF(B76=0,"Not Started",IF(B76<#REF!,"In Progress","Completed"))) | H76: =IF(Details!$B80="","",Details!$B80) -> 46003 | I76: =IF(H76="","",Details!$F80) | J76: =IF(H76="","",Details!$E80) -> 10000 | K76: =IF(H76="","",K75+I76-J76) -> #REF!
A77: =IF(Settings!A78="","",Settings!A78) | B77: =IF($A77="","",SUMIF(Details!$C:$C,$A77,Details!$E:$E)) | C77: =IF($A77="","",IF(B77=0,"Not Started",IF(B77<#REF!,"In Progress","Completed"))) | H77: =IF(Details!$B81="","",Details!$B81) -> 46003 | I77: =IF(H77="","",Details!$F81) | J77: =IF(H77="","",Details!$E81) -> 60000 | K77: =IF(H77="","",K76+I77-J77) -> #REF!
A78: =IF(Settings!A79="","",Settings!A79) | B78: =IF($A78="","",SUMIF(Details!$C:$C,$A78,Details!$E:$E)) | C78: =IF($A78="","",IF(B78=0,"Not Started",IF(B78<#REF!,"In Progress","Completed"))) | H78: =IF(Details!$B82="","",Details!$B82) -> 46003 | I78: =IF(H78="","",Details!$F82) | J78: =IF(H78="","",Details!$E82) -> 5000 | K78: =IF(H78="","",K77+I78-J78) -> #REF!
A79: =IF(Settings!A80="","",Settings!A80) | B79: =IF($A79="","",SUMIF(Details!$C:$C,$A79,Details!$E:$E)) | C79: =IF($A79="","",IF(B79=0,"Not Started",IF(B79<#REF!,"In Progress","Completed"))) | H79: =IF(Details!$B83="","",Details!$B83) -> 13/12/2025 | I79: =IF(H79="","",Details!$F83) | J79: =IF(H79="","",Details!$E83) -> 30000 | K79: =IF(H79="","",K78+I79-J79) -> #REF!
A80: =IF(Settings!A81="","",Settings!A81) | B80: =IF($A80="","",SUMIF(Details!$C:$C,$A80,Details!$E:$E)) | C80: =IF($A80="","",IF(B80=0,"Not Started",IF(B80<#REF!,"In Progress","Completed"))) | H80: =IF(Details!$B84="","",Details!$B84) -> 13/12/2025 | I80: =IF(H80="","",Details!$F84) | J80: =IF(H80="","",Details!$E84) -> 60000 | K80: =IF(H80="","",K79+I80-J80) -> #REF!
A81: =IF(Settings!A82="","",Settings!A82) | B81: =IF($A81="","",SUMIF(Details!$C:$C,$A81,Details!$E:$E)) | C81: =IF($A81="","",IF(B81=0,"Not Started",IF(B81<#REF!,"In Progress","Completed"))) | H81: =IF(Details!$B85="","",Details!$B85) -> 13/12/2025 | I81: =IF(H81="","",Details!$F85) | J81: =IF(H81="","",Details!$E85) -> 15000 | K81: =IF(H81="","",K80+I81-J81) -> #REF!
A82: =IF(Settings!A83="","",Settings!A83) | B82: =IF($A82="","",SUMIF(Details!$C:$C,$A82,Details!$E:$E)) | C82: =IF($A82="","",IF(B82=0,"Not Started",IF(B82<#REF!,"In Progress","Completed"))) | H82: =IF(Details!$B86="","",Details!$B86) -> 16/12/2025 | I82: =IF(H82="","",Details!$F86) | J82: =IF(H82="","",Details!$E86) -> 20000 | K82: =IF(H82="","",K81+I82-J82) -> #REF!
... A88: =IF(Settings!A89="","",Settings!A89) | B88: =IF($A88="","",SUMIF(Details!$C:$C,$A88,Details!$E:$E)) | C88: =IF($A88="","",IF(B88=0,"Not Started",IF(B88<#REF!,"In Progress","Completed"))) | H88: =IF(Details!$B92="","",Details!$B92) -> 17/12/2025 | I88: =IF(H88="","",Details!$F92) | J88: =IF(H88="","",Details!$E92) -> 50000 | K88: =IF(H88="","",K87+I88-J88) -> #REF!
A89: =IF(Settings!A90="","",Settings!A90) | B89: =IF($A89="","",SUMIF(Details!$C:$C,$A89,Details!$E:$E)) | C89: =IF($A89="","",IF(B89=0,"Not Started",IF(B89<#REF!,"In Progress","Completed"))) | H89: =IF(Details!$B94="","",Details!$B94) -> 17/12/2025 | I89: =IF(H89="","",Details!$F94) | J89: =IF(H89="","",Details!$E94) -> 35000 | K89: =IF(H89="","",K88+I89-J89) -> #REF!
A90: =IF(Settings!A91="","",Settings!A91) | B90: =IF($A90="","",SUMIF(Details!$C:$C,$A90,Details!$E:$E)) | C90: =IF($A90="","",IF(B90=0,"Not Started",IF(B90<#REF!,"In Progress","Completed"))) | H90: =IF(Details!$B95="","",Details!$B95) -> 17/12/2025 | I90: =IF(H90="","",Details!$F95) | J90: =IF(H90="","",Details!$E95) -> 10000 | K90: =IF(H90="","",K89+I90-J90) -> #REF!
A91: =IF(Settings!A92="","",Settings!A92) | B91: =IF($A91="","",SUMIF(Details!$C:$C,$A91,Details!$E:$E)) | C91: =IF($A91="","",IF(B91=0,"Not Started",IF(B91<#REF!,"In Progress","Completed"))) | H91: =IF(Details!$B96="","",Details!$B96) -> 17/12/2025 | I91: =IF(H91="","",Details!$F96) | J91: =IF(H91="","",Details!$E96) -> 20000 | K91: =IF(H91="","",K90+I91-J91) -> #REF!
A92: =IF(Settings!A93="","",Settings!A93) | B92: =IF($A92="","",SUMIF(Details!$C:$C,$A92,Details!$E:$E)) | C92: =IF($A92="","",IF(B92=0,"Not Started",IF(B92<#REF!,"In Progress","Completed"))) | H92: =IF(Details!$B97="","",Details!$B97) -> 18/12/2025 | I92: =IF(H92="","",Details!$F97) | J92: =IF(H92="","",Details!$E97) -> 20000 | K92: =IF(H92="","",K91+I92-J92) -> #REF!
A93: =IF(Settings!A94="","",Settings!A94) | B93: =IF($A93="","",SUMIF(Details!$C:$C,$A93,Details!$E:$E)) | C93: =IF($A93="","",IF(B93=0,"Not Started",IF(B93<#REF!,"In Progress","Completed"))) | H93: =IF(Details!$B98="","",Details!$B98) -> 18/12/2025 | I93: =IF(H93="","",Details!$F98) | J93: =IF(H93="","",Details!$E98) -> 36000 | K93: =IF(H93="","",K92+I93-J93) -> #REF!
A94: =IF(Settings!A95="","",Settings!A95) | B94: =IF($A94="","",SUMIF(Details!$C:$C,$A94,Details!$E:$E)) | C94: =IF($A94="","",IF(B94=0,"Not Started",IF(B94<#REF!,"In Progress","Completed"))) | H94: =IF(Details!$B99="","",Details!$B99) -> 18/12/2025 | I94: =IF(H94="","",Details!$F99) | J94: =IF(H94="","",Details!$E99) -> 51000 | K94: =IF(H94="","",K93+I94-J94) -> #REF!
A95: =IF(Settings!A96="","",Settings!A96) | B95: =IF($A95="","",SUMIF(Details!$C:$C,$A95,Details!$E:$E)) | C95: =IF($A95="","",IF(B95=0,"Not Started",IF(B95<#REF!,"In Progress","Completed"))) | H95: =IF(Details!$B100="","",Details!$B100) -> 18/12/2025 | I95: =IF(H95="","",Details!$F100) | J95: =IF(H95="","",Details!$E100) -> 32000 | K95: =IF(H95="","",K94+I95-J95) -> #REF!
A96: =IF(Settings!A97="","",Settings!A97) | B96: =IF($A96="","",SUMIF(Details!$C:$C,$A96,Details!$E:$E)) | C96: =IF($A96="","",IF(B96=0,"Not Started",IF(B96<#REF!,"In Progress","Completed"))) | H96: =IF(Details!$B101="","",Details!$B101) -> 18/12/2025 | I96: =IF(H96="","",Details!$F101) | J96: =IF(H96="","",Details!$E101) -> 15000 | K96: =IF(H96="","",K95+I96-J96) -> #REF!
A97: =IF(Settings!A98="","",Settings!A98) | B97: =IF($A97="","",SUMIF(Details!$C:$C,$A97,Details!$E:$E)) | C97: =IF($A97="","",IF(B97=0,"Not Started",IF(B97<#REF!,"In Progress","Completed"))) | H97: =IF(Details!$B102="","",Details!$B102) -> 18/12/2025 | I97: =IF(H97="","",Details!$F102) | J97: =IF(H97="","",Details!$E102) -> 10000 | K97: =IF(H97="","",K96+I97-J97) -> #REF!
A98: =IF(Settings!A99="","",Settings!A99) | B98: =IF($A98="","",SUMIF(Details!$C:$C,$A98,Details!$E:$E)) | C98: =IF($A98="","",IF(B98=0,"Not Started",IF(B98<#REF!,"In Progress","Completed"))) | H98: =IF(Details!$B103="","",Details!$B103) -> 19/12/2025 | I98: =IF(H98="","",Details!$F103) | J98: =IF(H98="","",Details!$E103) -> 5000 | K98: =IF(H98="","",K97+I98-J98) -> #REF!
A99: =IF(Settings!A100="","",Settings!A100) | B99: =IF($A99="","",SUMIF(Details!$C:$C,$A99,Details!$E:$E)) | C99: =IF($A99="","",IF(B99=0,"Not Started",IF(B99<#REF!,"In Progress","Completed"))) | H99: =IF(Details!$B104="","",Details!$B104) -> 19/12/2025 | I99: =IF(H99="","",Details!$F104) | J99: =IF(H99="","",Details!$E104) -> 1200 | K99: =IF(H99="","",K98+I99-J99) -> #REF!
A100: =IF(Settings!A101="","",Settings!A101) | B100: =IF($A100="","",SUMIF(Details!$C:$C,$A100,Details!$E:$E)) | C100: =IF($A100="","",IF(B100=0,"Not Started",IF(B100<#REF!,"In Progress","Completed"))) | H100: =IF(Details!$B105="","",Details!$B105) -> 19/12/2025 | I100: =IF(H100="","",Details!$F105) | J100: =IF(H100="","",Details!$E105) -> 1000 | K100: =IF(H100="","",K99+I100-J100) -> #REF!
... A155: =IF(Settings!A156="","",Settings!A156) | B155: =IF($A155="","",SUMIF(Details!$C:$C,$A155,Details!$E:$E)) | C155: =IF($A155="","",IF(B155=0,"Not Started",IF(B155<#REF!,"In Progress","Completed"))) | H155: =IF(Details!$B160="","",Details!$B160) -> 46023 | I155: =IF(H155="","",Details!$F160) | J155: =IF(H155="","",Details!$E160) -> 10000 | K155: =IF(H155="","",K154+I155-J155) -> #REF!
A156: =IF(Settings!A157="","",Settings!A157) | B156: =IF($A156="","",SUMIF(Details!$C:$C,$A156,Details!$E:$E)) | C156: =IF($A156="","",IF(B156=0,"Not Started",IF(B156<#REF!,"In Progress","Completed"))) | H156: =IF(Details!$B162="","",Details!$B162) -> 46054 | I156: =IF(H156="","",Details!$F162) | J156: =IF(H156="","",Details!$E162) -> 72000 | K156: =IF(H156="","",K155+I156-J156) -> #REF!
A157: =IF(Settings!A158="","",Settings!A158) | B157: =IF($A157="","",SUMIF(Details!$C:$C,$A157,Details!$E:$E)) | C157: =IF($A157="","",IF(B157=0,"Not Started",IF(B157<#REF!,"In Progress","Completed"))) | H157: =IF(Details!$B163="","",Details!$B163) -> 46054 | I157: =IF(H157="","",Details!$F163) | J157: =IF(H157="","",Details!$E163) -> 5000 | K157: =IF(H157="","",K156+I157-J157) -> #REF!
A158: =IF(Settings!A159="","",Settings!A159) | B158: =IF($A158="","",SUMIF(Details!$C:$C,$A158,Details!$E:$E)) | C158: =IF($A158="","",IF(B158=0,"Not Started",IF(B158<#REF!,"In Progress","Completed"))) | H158: =IF(Details!$B164="","",Details!$B164) -> 46054 | I158: =IF(H158="","",Details!$F164) | J158: =IF(H158="","",Details!$E164) -> 18500 | K158: =IF(H158="","",K157+I158-J158) -> #REF!
A159: =IF(Settings!A160="","",Settings!A160) | B159: =IF($A159="","",SUMIF(Details!$C:$C,$A159,Details!$E:$E)) | C159: =IF($A159="","",IF(B159=0,"Not Started",IF(B159<#REF!,"In Progress","Completed"))) | H159: =IF(Details!$B165="","",Details!$B165) -> 46054 | I159: =IF(H159="","",Details!$F165) | J159: =IF(H159="","",Details!$E165) -> 10000 | K159: =IF(H159="","",K158+I159-J159) -> #REF!
A160: =IF(Settings!A161="","",Settings!A161) | B160: =IF($A160="","",SUMIF(Details!$C:$C,$A160,Details!$E:$E)) | C160: =IF($A160="","",IF(B160=0,"Not Started",IF(B160<#REF!,"In Progress","Completed"))) | H160: =IF(Details!$B166="","",Details!$B166) -> 46082 | I160: =IF(H160="","",Details!$F166) | J160: =IF(H160="","",Details!$E166) -> 72000 | K160: =IF(H160="","",K159+I160-J160) -> #REF!
A161: =IF(Settings!A162="","",Settings!A162) | B161: =IF($A161="","",SUMIF(Details!$C:$C,$A161,Details!$E:$E)) | C161: =IF($A161="","",IF(B161=0,"Not Started",IF(B161<#REF!,"In Progress","Completed"))) | H161: =IF(Details!$B167="","",Details!$B167) -> 46082 | I161: =IF(H161="","",Details!$F167) | J161: =IF(H161="","",Details!$E167) -> 5000 | K161: =IF(H161="","",K160+I161-J161) -> #REF!
A162: =IF(Settings!A163="","",Settings!A163) | B162: =IF($A162="","",SUMIF(Details!$C:$C,$A162,Details!$E:$E)) | C162: =IF($A162="","",IF(B162=0,"Not Started",IF(B162<#REF!,"In Progress","Completed"))) | H162: =IF(Details!$B168="","",Details!$B168) -> 46082 | I162: =IF(H162="","",Details!$F168) | J162: =IF(H162="","",Details!$E168) -> 10000 | K162: =IF(H162="","",K161+I162-J162) -> #REF!
A163: =IF(Settings!A164="","",Settings!A164) | B163: =IF($A163="","",SUMIF(Details!$C:$C,$A163,Details!$E:$E)) | C163: =IF($A163="","",IF(B163=0,"Not Started",IF(B163<#REF!,"In Progress","Completed"))) | H163: =IF(Details!$B169="","",Details!$B169) -> 46082 | I163: =IF(H163="","",Details!$F169) | J163: =IF(H163="","",Details!$E169) -> 221000 | K163: =IF(H163="","",K162+I163-J163) -> #REF!
A164: =IF(Settings!A165="","",Settings!A165) | B164: =IF($A164="","",SUMIF(Details!$C:$C,$A164,Details!$E:$E)) | C164: =IF($A164="","",IF(B164=0,"Not Started",IF(B164<#REF!,"In Progress","Completed"))) | H164: =IF(Details!$B170="","",Details!$B170) -> 46143 | I164: =IF(H164="","",Details!$F170) | J164: =IF(H164="","",Details!$E170) -> 72000 | K164: =IF(H164="","",K163+I164-J164) -> #REF!
A165: =IF(Settings!A166="","",Settings!A166) | B165: =IF($A165="","",SUMIF(Details!$C:$C,$A165,Details!$E:$E)) | C165: =IF($A165="","",IF(B165=0,"Not Started",IF(B165<#REF!,"In Progress","Completed"))) | H165: =IF(Details!$B171="","",Details!$B171) -> 46143 | I165: =IF(H165="","",Details!$F171) | J165: =IF(H165="","",Details!$E171) -> 50000 | K165: =IF(H165="","",K164+I165-J165) -> #REF!
A166: =IF(Settings!A167="","",Settings!A167) | B166: =IF($A166="","",SUMIF(Details!$C:$C,$A166,Details!$E:$E)) | C166: =IF($A166="","",IF(B166=0,"Not Started",IF(B166<#REF!,"In Progress","Completed"))) | H166: =IF(Details!$B172="","",Details!$B172) -> 46143 | I166: =IF(H166="","",Details!$F172) | J166: =IF(H166="","",Details!$E172) -> 10000 | K166: =IF(H166="","",K165+I166-J166) -> #REF!
A167: =IF(Settings!A168="","",Settings!A168) | B167: =IF($A167="","",SUMIF(Details!$C:$C,$A167,Details!$E:$E)) | C167: =IF($A167="","",IF(B167=0,"Not Started",IF(B167<#REF!,"In Progress","Completed"))) | H167: =IF(Details!$B173="","",Details!$B173) -> 46143 | I167: =IF(H167="","",Details!$F173) | J167: =IF(H167="","",Details!$E173) -> 45000 | K167: =IF(H167="","",K166+I167-J167) -> #REF!
... A185: =IF(Settings!A186="","",Settings!A186) | B185: =IF($A185="","",SUMIF(Details!$C:$C,$A185,Details!$E:$E)) | C185: =IF($A185="","",IF(B185=0,"Not Started",IF(B185<#REF!,"In Progress","Completed"))) | H185: =IF(Details!$B191="","",Details!$B191) -> 46204 | I185: =IF(H185="","",Details!$F191) | J185: =IF(H185="","",Details!$E191) -> 15000 | K185: =IF(H185="","",K184+I185-J185) -> #REF!
A186: =IF(Settings!A187="","",Settings!A187) | B186: =IF($A186="","",SUMIF(Details!$C:$C,$A186,Details!$E:$E)) | C186: =IF($A186="","",IF(B186=0,"Not Started",IF(B186<#REF!,"In Progress","Completed"))) | H186: =IF(Details!$B193="","",Details!$B193) -> 46235 | I186: =IF(H186="","",Details!$F193) | J186: =IF(H186="","",Details!$E193) -> 51000 | K186: =IF(H186="","",K185+I186-J186) -> #REF!
A187: =IF(Settings!A188="","",Settings!A188) | B187: =IF($A187="","",SUMIF(Details!$C:$C,$A187,Details!$E:$E)) | C187: =IF($A187="","",IF(B187=0,"Not Started",IF(B187<#REF!,"In Progress","Completed"))) | H187: =IF(Details!$B194="","",Details!$B194) -> 46235 | I187: =IF(H187="","",Details!$F194) | J187: =IF(H187="","",Details!$E194) -> 10000 | K187: =IF(H187="","",K186+I187-J187) -> #REF!
A188: =IF(Settings!A189="","",Settings!A189) | B188: =IF($A188="","",SUMIF(Details!$C:$C,$A188,Details!$E:$E)) | C188: =IF($A188="","",IF(B188=0,"Not Started",IF(B188<#REF!,"In Progress","Completed"))) | H188: =IF(Details!$B195="","",Details!$B195) -> 46266 | I188: =IF(H188="","",Details!$F195) | J188: =IF(H188="","",Details!$E195) -> 51000 | K188: =IF(H188="","",K187+I188-J188) -> #REF!
A189: =IF(Settings!A190="","",Settings!A190) | B189: =IF($A189="","",SUMIF(Details!$C:$C,$A189,Details!$E:$E)) | C189: =IF($A189="","",IF(B189=0,"Not Started",IF(B189<#REF!,"In Progress","Completed"))) | H189: =IF(Details!$B196="","",Details!$B196) -> 46266 | I189: =IF(H189="","",Details!$F196) | J189: =IF(H189="","",Details!$E196) -> 22000 | K189: =IF(H189="","",K188+I189-J189) -> #REF!
A190: =IF(Settings!A191="","",Settings!A191) | B190: =IF($A190="","",SUMIF(Details!$C:$C,$A190,Details!$E:$E)) | C190: =IF($A190="","",IF(B190=0,"Not Started",IF(B190<#REF!,"In Progress","Completed"))) | H190: =IF(Details!$B197="","",Details!$B197) -> 46266 | I190: =IF(H190="","",Details!$F197) | J190: =IF(H190="","",Details!$E197) -> 3000 | K190: =IF(H190="","",K189+I190-J190) -> #REF!
A191: =IF(Settings!A192="","",Settings!A192) | B191: =IF($A191="","",SUMIF(Details!$C:$C,$A191,Details!$E:$E)) | C191: =IF($A191="","",IF(B191=0,"Not Started",IF(B191<#REF!,"In Progress","Completed"))) | H191: =IF(Details!$B198="","",Details!$B198) -> 46266 | I191: =IF(H191="","",Details!$F198) | J191: =IF(H191="","",Details!$E198) -> 4000 | K191: =IF(H191="","",K190+I191-J191) -> #REF!
A192: =IF(Settings!A193="","",Settings!A193) | B192: =IF($A192="","",SUMIF(Details!$C:$C,$A192,Details!$E:$E)) | C192: =IF($A192="","",IF(B192=0,"Not Started",IF(B192<#REF!,"In Progress","Completed"))) | H192: =IF(Details!$B199="","",Details!$B199) -> 46266 | I192: =IF(H192="","",Details!$F199) | J192: =IF(H192="","",Details!$E199) -> 500 | K192: =IF(H192="","",K191+I192-J192) -> #REF!
A193: =IF(Settings!A194="","",Settings!A194) | B193: =IF($A193="","",SUMIF(Details!$C:$C,$A193,Details!$E:$E)) | C193: =IF($A193="","",IF(B193=0,"Not Started",IF(B193<#REF!,"In Progress","Completed"))) | H193: =IF(Details!$B200="","",Details!$B200) -> 46266 | I193: =IF(H193="","",Details!$F200) | J193: =IF(H193="","",Details!$E200) -> 10000 | K193: =IF(H193="","",K192+I193-J193) -> #REF!
A194: =IF(Settings!A195="","",Settings!A195) | B194: =IF($A194="","",SUMIF(Details!$C:$C,$A194,Details!$E:$E)) | C194: =IF($A194="","",IF(B194=0,"Not Started",IF(B194<#REF!,"In Progress","Completed"))) | H194: =IF(Details!$B201="","",Details!$B201) -> 46296 | I194: =IF(H194="","",Details!$F201) -> 200000 | J194: =IF(H194="","",Details!$E201) | K194: =IF(H194="","",K193+I194-J194) -> #REF!
A195: =IF(Settings!A196="","",Settings!A196) | B195: =IF($A195="","",SUMIF(Details!$C:$C,$A195,Details!$E:$E)) | C195: =IF($A195="","",IF(B195=0,"Not Started",IF(B195<#REF!,"In Progress","Completed"))) | H195: =IF(Details!$B202="","",Details!$B202) -> 46296 | I195: =IF(H195="","",Details!$F202) | J195: =IF(H195="","",Details!$E202) -> 22000 | K195: =IF(H195="","",K194+I195-J195) -> #REF!
A196: =IF(Settings!A197="","",Settings!A197) | B196: =IF($A196="","",SUMIF(Details!$C:$C,$A196,Details!$E:$E)) | C196: =IF($A196="","",IF(B196=0,"Not Started",IF(B196<#REF!,"In Progress","Completed"))) | H196: =IF(Details!$B203="","",Details!$B203) -> 46296 | I196: =IF(H196="","",Details!$F203) | J196: =IF(H196="","",Details!$E203) -> 36000 | K196: =IF(H196="","",K195+I196-J196) -> #REF!
A197: =IF(Settings!A198="","",Settings!A198) | B197: =IF($A197="","",SUMIF(Details!$C:$C,$A197,Details!$E:$E)) | C197: =IF($A197="","",IF(B197=0,"Not Started",IF(B197<#REF!,"In Progress","Completed"))) | H197: =IF(Details!$B204="","",Details!$B204) -> 46296 | I197: =IF(H197="","",Details!$F204) | J197: =IF(H197="","",Details!$E204) -> 8000 | K197: =IF(H197="","",K196+I197-J197) -> #REF!
A198: =IF(Settings!A199="","",Settings!A199) | B198: =IF($A198="","",SUMIF(Details!$C:$C,$A198,Details!$E:$E)) | C198: =IF($A198="","",IF(B198=0,"Not Started",IF(B198<#REF!,"In Progress","Completed"))) | H198: =IF(Details!$B205="","",Details!$B205) -> 46296 | I198: =IF(H198="","",Details!$F205) | J198: =IF(H198="","",Details!$E205) -> 10000 | K198: =IF(H198="","",K197+I198-J198) -> #REF!
H199: =IF(Details!$B206="","",Details!$B206) -> 46357 | I199: =IF(H199="","",Details!$F206) | J199: =IF(H199="","",Details!$E206) -> 51000 | K199: =IF(H199="","",K198+I199-J199) -> #REF!
H200: =IF(Details!$B207="","",Details!$B207) -> 46357 | I200: =IF(H200="","",Details!$F207) | J200: =IF(H200="","",Details!$E207) -> 10000 | K200: =IF(H200="","",K199+I200-J200) -> #REF!
H201: =IF(Details!$B208="","",Details!$B208) -> 13/01/2026 | I201: =IF(H201="","",Details!$F208) | J201: =IF(H201="","",Details!$E208) -> 13000 | K201: =IF(H201="","",K200+I201-J201) -> #REF!
H202: =IF(Details!$B209="","",Details!$B209) -> 13/01/2026 | I202: =IF(H202="","",Details!$F209) | J202: =IF(H202="","",Details!$E209) -> 2000 | K202: =IF(H202="","",K201+I202-J202) -> #REF!
H203: =IF(Details!$B210="","",Details!$B210) -> 13/01/2026 | I203: =IF(H203="","",Details!$F210) | J203: =IF(H203="","",Details!$E210) -> 4000 | K203: =IF(H203="","",K202+I203-J203) -> #REF!
...

Sheet Settings
A1: Section | B1: PaymentMethod | C1: Status | D1: CostType
A2: Site preparation | B2: Cash | C2: Not Started | D2: Material
A3: Land & Permits | B3: Bank Transfer | C3: In Progress | D3: Manpower
A4: Foundation | B4: Mobile Money | C4: Completed | D4: Other
A5: Structure / Walls | B5: Cheque | C5: Delayed | D5: cash in
A6: Roofing | D6: cash out
A7: Doors & Windows | D7: Repairing
A8: Electrical
A9: Plumbing
A10: Finishes (Interior)
A11: Finishes (Exterior)
A12: Landscaping
A13: Contingency
A14: Security
A15: money
A16: Transport
A17: withdrwal
